x1,x2,x3,y
0.3045081585724583,0.5151452947003929,-0.5615880591529361,1.1161187215946327
0.004146399313950333,0.6319049174686573,0.706923753721679,1.9001209238373868
0.1112766792160158,-0.2282015870980969,0.7926517043226049,0.23463459870105452
-0.016907941781263425,0.8519176715030816,0.04163331913474533,2.2384611653692117
1.0,0.9560387694317027,-0.9882564465917056,32.537415696270074
0.3445305808621981,0.05598232284511484,0.8576326031281885,-0.5956179507692638
-0.04894664221078404,0.0545482165505935,-0.848842897454037,-1.205830069086246
-0.6880394388747972,0.5502449290009528,0.3624636383572324,-2.2425351081662686
0.060734794284609483,1.0,-1.0,4.353681760287644
0.042725210913032496,-1.0,-0.43013181559262503,1.205352550916778
-0.6290624770295499,0.29912743301039635,0.2667926001505483,-1.8442348338512777
-0.6489153832890522,0.06423230143403558,0.16774438296663852,-1.8408452365372114
-1.0,-1.0,-0.9482091942846567,1.851614337064428
-0.8301822818215943,0.6945524710991895,-0.5060396424749627,-1.0695160483252855
0.9256084812343002,1.0,-0.7551167661902745,21.789060978526976
-0.35535047996351654,-0.40366825529947126,-0.18827832319196358,0.9150710829623429
0.0841799916348478,-0.4401815115299361,-0.6191278210490017,0.8043893593087403
1.0,-1.0,0.08071354918908491,-7.469225075545849
-0.7362408581345508,1.0,-0.0341054323427461,4.339045459236372
-0.32405748272863866,-0.31555484986946003,0.6790820389117758,0.7380265965012487
-0.6031045532141655,-0.504617828996565,0.9536110083895117,1.5764878641319473
1.0,1.0,0.259232560529284,13.377250694106792
0.19630711889402308,0.15250624844935823,1.0,-0.16983372078563452
-1.0,0.7735925134632378,0.3990287440902134,-2.2589239112197665
0.10583511191311579,1.0,1.0,11.907683922308806
-0.409747660691252,0.4358141894198915,-0.2676834931578962,-0.8445032871923728
0.2816851005255867,-0.7152215652764002,0.05624257564379098,1.203916150670816
-0.7286718416094176,-0.351794062815151,1.0,3.091730313383087
0.5597505779650858,-1.0,-0.3854180958478095,-2.24144475007947
-0.09991471677400376,0.2328588694226914,0.34829338320625514,-0.07895633552781045
-1.0,0.36712951961242934,-1.0,15.74510525683503
0.8604260691476191,0.18650418008555047,-1.0,3.6573832284223484
-0.39575309642644996,0.6926719368344474,-0.5581753323627063,-0.7128931588791152
0.37034046509232654,-0.9883704030651865,-1.0,-19.797428223567156
1.0,0.3010402150553946,-0.13209999070763523,4.451161366135036
0.931476690750745,1.0,-0.31378649755734567,14.476868625004112
-0.5590969310562885,-1.0,0.6073682939263876,3.1271693956252493
0.4142811392322796,-1.0,-1.0,-20.814464441956826
1.0,-1.0,-0.2386660206511877,-8.559737043397973
-0.07334551974085657,0.07110704080712127,-0.7446787405416719,0.10701888044947985
0.765238346046174,-1.0,0.6188891741558882,-3.05056508930289
0.055363777436926,-0.4659329324252963,0.3049424845506683,0.8799338922734422
-1.0,-1.0,0.4200359199856907,10.916662539916377
0.8584201093707455,1.0,0.5997070869282846,9.243533818207343
-0.8989752255295653,0.5296262054668546,1.0,4.796118732420934
-1.0,0.26481450431684794,-0.19983658991117248,-3.458878497671467
0.8196684586419358,0.8847934641470843,1.0,15.20248491119424
-0.5316579153694239,-0.2591620616689405,-0.2405785469592152,0.7419254008271274
-1.0,0.5038275600687931,0.6263235010597581,-4.099413882907719
-0.10252738257634264,-0.22084522894797032,-0.2337616466885013,0.17457857967949963
-0.21090847351149167,0.2745384412463514,0.3385596215496398,-0.8331943925854202
0.5883863690169302,-0.041037298723688886,-0.8392423469897163,0.7559957180303919
-0.9585603565080314,0.2841409761139506,0.7930503932538668,-3.011774105027274
-0.43186946457578324,-1.0,-0.49772556147462965,0.8769955029000545
0.7579651905214251,0.03402634329582033,-0.3062166452591233,1.6510783914940794
-1.0,0.10908807293148559,-1.0,13.046834008353473
-0.37620950435806466,0.24498848657226424,0.3892000691671347,-0.8338106302909337
-1.0,-0.10858011914432653,0.7036839591900561,-1.6786578515927286
-0.07140176077020444,0.4192531799013963,0.23991916718476824,0.48470296671542945
0.5389942725858232,0.23953189393332686,-0.9614868982678983,-1.3489060295888324
-1.0,-0.932319050767777,1.0,19.27482849469576
0.6123282098358296,-1.0,-1.0,-23.900874398965165
0.2069408894193081,0.21154112781642698,-1.0,-3.0115631467161417
-0.05475679615430584,1.0,0.9625488914665754,12.519822860476326
-0.638213708974597,0.5774502305879075,0.8434314424592995,0.6927416695897075
0.07475016658556854,1.0,0.9337028280642672,10.086183362676705
0.055767177085193076,-0.10833748311586522,-0.06889481094347616,1.1369618949011362
-0.171085812867251,-0.36683688049309904,-0.09988411885566939,0.5156392155405004
-0.8125776575624155,0.16114197771539196,-1.0,5.529444043225842
0.967919473774876,-1.0,-1.0,-29.713686373186572
0.7785545460768286,-0.850836237818114,1.0,-4.864053348792893
-0.06455143489544102,1.0,-0.7339407553885782,8.7104090870643
0.26552181850857703,-0.19236155945445366,-0.7272768478278195,0.8763407581913147
-1.0,-0.5454617953128815,-0.5800723821677567,0.37520546151538625
-0.25004923046774796,-0.5624036056189794,-0.8265697299573276,-1.366834769568662
-0.5119706861230569,-1.0,0.3771977594069216,3.3007495393463553
-0.2925531130921182,0.2703464965648914,0.5356552874711773,-1.6858679912495131
0.823825531569937,-0.39760307414370777,-1.0,-2.953772268275918
-1.0,0.21681346651865496,0.11031046139869427,-4.785283706391371
0.9406870643970016,0.8559567616628829,-1.0,15.98472538084318
-0.7874381876297827,0.32012237814343547,-0.014725964757207999,-3.14948344189963
-1.0,1.0,1.0,17.75384337438612
0.5458792503780379,1.0,0.7531412561037718,8.206551547772614
-0.5719861741137744,-0.17891322209895644,-0.4947108898986903,0.15709449277853843
1.0,0.6715771999858846,-0.16363634842076635,6.914246415807892
0.9023032907807889,-0.8384812748206512,-0.07981785795378049,-0.4313971797796745
-0.5642130747051028,-0.7442645040426565,-0.16973004615761278,2.5144800746150904
0.04063998010617831,-0.7937935429285696,-0.39416834050169225,1.740819386427196
-0.5829130699866918,-0.878243281719892,-0.8427539538436011,-2.491373221258434
0.6931497541436538,-0.32972385044092145,-0.8889925004955872,-0.2886518163978203
-0.01810326910673865,-1.0,0.4024232300394419,1.9238163940780921
-0.07579225464678441,-0.7902435711158005,0.1969657429944709,1.085958023752722
1.0,-1.0,-0.8067240680400942,-16.8462566664853
-0.42170115728656477,0.5535950472838125,0.6274013473716546,0.02532630243800227
0.07865562578364615,0.6199498642033994,-0.8045112096395721,-0.3377381370872131
-1.0,0.1937348245932755,-0.5172309264625401,-0.9469999283419241
1.0,0.30038305785318586,-0.8910380095510271,9.202681468038806
-0.66903891781136,-1.0,0.4735320157229752,5.4925660998452415
-0.18122375571921956,1.0,-1.0,2.641530808682642
0.3337305203750276,0.8057426340155449,0.09909707824166558,2.534905670053365
-1.0,0.5761472590245169,1.0,5.979898818821985
-0.7347242124650979,-0.18436651365081347,-1.0,2.8502334866915975
-0.23905651381907767,1.0,-0.6610170624378353,8.08544318983976
1.0,-0.39021837627583933,-0.08618150146487857,3.7906197238302988
1.0,-0.09303937326731337,1.0,10.435225798266982
-0.16259691129432352,-0.8603331839136161,-0.11130342264139115,2.6740056978028948
0.3974366456859979,0.08116302589575008,0.025121091948351104,0.5472610015819095
-1.0,0.06280315290987892,-0.08889337603265024,-4.453403704220708
-1.0,-1.0,-0.9939544083108887,2.701632056102062
1.0,0.9714948729198085,1.0,25.86237942758591
-1.0,1.0,-1.0,20.402717063351112
-0.8058698867783989,-1.0,-0.33482372026874185,5.8989486646096125
-0.3113777318877997,1.0,-0.46579297766796546,7.400112286114862
0.02090282940315502,1.0,-0.42545359562699847,10.382527900009272
0.8466435198997571,0.46995315470207655,0.8057718717003977,7.4816915343093395
-0.8070923833629704,-0.18864969495190276,0.12599687989905606,-0.7617255319776215
0.27865578762979437,-1.0,-1.0,-19.84816534215895
-0.54288305511099,0.8125666993682157,-0.015137902957849114,0.19875102499472624
-0.5104409000496071,0.798087475330779,-1.0,-4.019156781736949
-1.0,0.9553752591900821,0.2865452664233046,2.595023194490066
1.0,-1.0,1.0,-9.410921346651282
0.4798825099897368,0.3910707566166851,1.0,2.4360965533660552
0.5295767218174903,-0.4240734921508036,1.0,-2.4374092442776667
-0.09326353758845052,-1.0,-0.7282331227871794,-4.185189550703041
-1.0,0.5974808337004218,-1.0,18.76226197028751
-1.0,-1.0,-0.2338896288753307,6.050884116334611
-0.1405006914384057,0.2820977047563582,0.20364487361719208,-1.2503464904810329
-1.0,1.0,0.9780043580327391,13.719704324905836
-0.5469366483061557,1.0,0.3506977171967909,5.236289074890171
-0.62182543045659,0.42683030135721145,1.0,3.342766431051122
1.0,1.0,-0.7144058275404819,26.282813238712304
0.38480013430924553,1.0,1.0,10.031607116599634
-0.8603059172717913,-0.5395175013216786,1.0,6.114434075177517
0.11272296887723998,0.9264781613963096,0.024499772562222466,5.201953762010109
-0.16850095017184108,0.585555994742778,0.671377499414954,1.0490409741926279
0.6434159546133833,-0.11253374987908726,0.6174358152214265,1.8511292647811024
-1.0,0.3516081510484079,0.7056427360788231,-3.7522490581783225
-0.14520087484827804,-0.20942662920149924,0.4234095795229158,-0.2381227337280808
0.0975670801814974,0.894353426958038,-0.7562231848912819,3.8284544153702935
0.24137005071552364,-1.0,0.6251937977366067,-0.5383306026767785
-0.01960780455771194,-0.09651810175533981,0.5225104220562828,0.005363034054952698
1.0,-0.6517485504374041,0.05669285258468992,3.2998643400258114
-1.0,-1.0,0.9678759529685665,21.78078461944819
-1.0,0.4397431018065836,1.0,5.221024380726102
-0.6196794026133801,-0.669613706037804,1.0,1.9358251967581523
-0.9079106150753593,-0.3808225079835341,-0.34974473015109986,-0.003201281099626474
-0.20032050896563613,-0.12336607689181833,0.18833278359194994,-0.11352269293854461
-0.7361350341195962,-0.5966369380917587,1.0,3.6584915510384453
1.0,-0.9603620250930636,-0.2763629890357837,-5.345076918939674
0.13586792361178412,-0.5510039059910383,1.0,-2.0681649137368914
0.6673236164747332,0.04176562569155173,0.6713470266388915,1.960011479675717
0.9096044585013061,-0.13833373862624487,-0.3135095724943495,3.9648701350063655
-0.41157405679267556,0.30627005470516555,-0.6232254735310556,-0.7840327746893067
-0.3796822515077847,0.5774604710179969,-0.5710593910190291,-1.1229301554737983
0.08790338285437826,0.5939654785932944,0.07257800961299421,0.7172468627481869
0.7806466845656366,-0.4847923189072314,0.6107882972649792,1.9538325810014796
-0.04086465596383215,-0.39498245177691227,-0.2708130541941818,1.3175765638128512
-0.5185092452753493,1.0,0.5953024315287749,7.132187767667439
-0.22579777530513412,-1.0,0.715210158224252,0.0007733888971392378
-0.5379094383643825,-0.8727405678900129,0.36498734569625024,3.096316175076527
0.18113144429546102,-0.8003137590292453,-0.8284776001480385,-2.906343761787406
1.0,-0.5980715376856407,-1.0,-0.9197517980270721
-1.0,1.0,-0.2808100061646377,10.165933302450957
0.4521469265497182,-0.14050298640497183,-0.6928778745352158,0.6460969802238465
-0.18976248857675349,-1.0,-0.7099997226967578,-3.13736316974185
-0.5168014308677655,1.0,-1.0,-0.034316268039191966
-0.48143387889917966,-1.0,-1.0,-12.885316215649983
1.0,-0.3136819264210886,-0.4819662104132967,5.570759884527028
-1.0,-0.5120213037798034,0.05980636240176973,-1.2690886038946922
-0.48444638280270214,-0.007561183502397206,-0.37400563407123366,-0.3313418357537879
0.10519399611220348,1.0,-1.0,5.062826510143919
1.0,-0.9104768087443724,-0.6921120146384288,-4.7040150226337705
-0.2604416504656526,-0.6523967750236999,1.0,-1.404373707248016
-0.1576600675138231,1.0,0.9692190838300141,13.597825186113608
-1.0,0.9063967201745791,-0.07734719243177968,4.444378667276059
-0.5716612760221482,0.019072322977637945,0.8213696986523056,0.09827622383942913
-0.10611251705931579,0.8156923013470541,1.0,8.67468151983915
-0.3652284418252991,-0.7736064480425773,1.0,-0.6906432675343458
0.8904568593050106,-0.0680552393940339,1.0,6.029073264098548
-0.0028846712120758067,1.0,-1.0,3.659184236485192
0.587949908776191,0.2043171097882679,-0.3956822179086583,0.14626960461412386
0.1477060095485172,0.19576190373750957,-0.6638833290351791,1.275311367573155
1.0,-1.0,-0.8936340673706504,-20.81687901190777
0.08549169689695235,-0.21727593517867838,-0.8444278189322736,-0.4740977744141435
0.08680580082911638,0.5592796092814025,-0.22014390200931788,0.5160147890315078
-1.0,-0.3570475997946416,-1.0,6.818758918746894
-0.19931402774917184,0.659438165580176,0.799602381449662,1.8886986085073147
0.051631636755274934,-0.2535541566067878,1.0,-0.9591289587200538
-1.0,-0.9696485199277707,0.2648525771650403,8.90217643667829
-0.751840322535442,-0.24364753053115185,0.12945018816296505,-0.6851453569783525
0.9767127392264381,-0.2864244711627759,0.0467178456119095,4.000591705170443
-0.5155844696781049,-0.8255258654963311,1.0,0.6995200872240741
0.6256577874637463,-1.0,-0.08802529574586515,-0.23031511738590082
-0.032306389642115185,-0.721792570232614,0.7660797387112122,-0.27389173261534383
-0.149593304869722,1.0,0.752267476282624,9.440617502774808
0.16924715637350674,-0.9818731152790916,-0.6214037275820379,-2.030854377385591
0.14230217385043464,1.0,-0.20994240862545688,8.948061035681008
-0.16616547947348703,-0.10857468181885332,0.08362770011903775,0.02203052259425331
-0.6583036039436969,0.8995083183750088,-0.2346317829764344,0.8063855674545448
0.30874913172410756,-1.0,-0.07653529723518826,0.9282444914517001
0.5591713687070015,-0.34931647943778743,1.0,-2.5262552314449174
0.012851477106762044,-0.25923584372525643,1.0,-1.371467713602637
0.19500854224790598,-0.6150017918997319,1.0,-2.907058605766896
-0.2828519302080972,-0.5563354968162866,1.0,-0.6380921045643115
-1.0,-0.5170383022492562,-0.5986901306629362,-0.6205769123373029
-0.7583604935811878,-1.0,-1.0,-5.32403479886189
-1.0,0.35174137766704106,-0.12024965061042803,-3.263252297348248
0.6234203961793816,-1.0,-0.726463523246387,-9.413312770487751
-0.4218034895316345,0.2108807937846764,-1.0,-2.4086605224212216
-0.25567849937981957,-0.05529728765195463,0.6224029372968578,0.4357621742831961
1.0,0.04978218715398386,-1.0,9.467009369457099
-0.7248595963712561,1.0,-0.47880048586519375,5.020206207401231
-0.03968676011922101,0.19308016646143655,-0.038527054358517665,0.43805699914143753
-0.8377344043059782,-0.600969237612172,0.260777655576546,1.2856699188786376
1.0,1.0,0.03128504290259415,14.077019422790908
-0.6641738965241526,0.6809164858691783,0.3031315264385037,-1.9512793007893352
-0.17969392629431402,-0.9436969172547207,-0.1731892522197367,3.062508693103105
-0.21873147604001342,-0.8976157967364189,0.4350794609435922,1.73059005332179
-0.2739114184662481,0.02920639232475275,-1.0,-1.6625878045579314
-0.6285683091350327,0.5932000573425282,-1.0,-2.3131210372507263
1.0,-0.04601358419031509,0.201400665696142,5.383236518583087
-0.6511770000958632,0.5374745895912043,1.0,4.400316383157856
-1.0,-0.45785409173881875,-0.6858099509543958,-0.5190909746574874
0.21802465708071828,0.4950334763381734,1.0,3.1081197242198986
0.3771872350024872,-0.6383942248469334,1.0,-3.89894151984166
-0.8934314787782418,-0.36696085354906094,0.4487342461295929,-0.7016232417330606
-1.0,-0.3590682689940219,-1.0,7.484917251375837
-1.0,1.0,0.08958462613051044,5.946018495414888
0.00920038449361349,-0.13137250892050134,-0.29841904882912207,1.4289822429143657
1.0,-1.0,0.5066676766797564,-6.524852772602602
-0.4105502053032335,-0.04179603219640926,1.0,1.6354707128419042
0.14371604784840453,0.15624276061502895,-0.3935958542901381,0.4948354676422862
-1.0,1.0,0.980038645539377,14.603207791115935
-0.35833157881842514,-0.3342221155887677,-0.14024694191041287,0.5102214580310278
0.21388873320940682,0.24081209044954144,-1.0,-2.671080518912576
-1.0,-1.0,1.0,22.325157266747023
0.7621760589825413,-1.0,0.44481121992202577,-2.7853614111468024
-0.5095945189858224,-0.6244197524552264,-0.4189437231750761,1.054373910329662
1.0,-1.0,1.0,-9.21967141116257
-0.2859898651709376,1.0,0.7084370765624655,8.96395240603433
0.5067319252789173,-1.0,-0.1311407067976793,-0.7797249930578295
-0.48401373830726446,-1.0,0.07810555448843681,3.5884000867506143
0.7921977429797389,-1.0,0.5754293634026728,-2.8647143207940764
1.0,-0.721482336107357,0.38162936358650135,1.886277767603405
-0.7205482674985135,-0.18731563273119156,0.9567855196656567,1.381199955972162
-1.0,-1.0,-0.8401806286696143,2.874658437131919
-0.10272206395638395,-1.0,-0.26169128158334565,2.946410840623869
0.4011936701466918,-0.7784821705952325,1.0,-3.801247696846651
0.6951737891521357,1.0,0.5577302803338997,7.718370704293523
-0.6964416030596277,0.48241526906285626,-0.2997907498010215,-1.7935655480983206
0.8433169284052469,-0.8240401896712726,-0.3623929873781564,0.019839979895216908
0.22597304203762802,-0.7435071053106317,0.179012675979209,0.9288821433810133
0.6141944921933815,-0.7189169920159517,-0.1311765937861229,1.2123745118534024
0.7814579977096334,-1.0,1.0,-7.502483619990555
0.39287900805256015,0.028887038552668942,0.024894003186207492,1.0672599118079296
-0.9559237241501422,1.0,-0.5561736664381893,9.084793805442686
0.044349855180457975,-0.07883404785434633,0.12314078063013079,0.9365623783864161
-1.0,-1.0,-0.21934999016659673,6.639457690017471
1.0,0.9232900136728555,1.0,26.989722304883994
-1.0,0.43927437415399195,1.0,4.432729632323556
0.6649764451703546,-1.0,0.6452980430524895,-2.0317560648304793
-0.30913717775182104,0.07856549916859557,-0.14427662244931527,0.6142329801627271
-0.948340358723492,-0.34611164084260526,1.0,5.973032730609425
-0.7169204437591405,0.1262190590771597,-0.2091052109804783,-1.7165802465740694
-0.39878117330524687,-0.7889162847856006,0.3663120502949453,2.4175420239389185
-0.6953918773459706,-0.5865856741231323,1.0,3.863409409122495
-0.3077139518351999,0.36313758756636405,-0.5496073387277449,0.12288462056965854
0.38917669207953276,1.0,-1.0,4.708042545506464
-1.0,-0.9823190004604947,-0.532022732632556,4.207092683396415
-0.6770787263332021,0.6387764859085034,0.10234833806123245,-2.0950957077973404
-0.31465175010003965,-0.28704494254778545,-0.09524410281763274,0.5148898958649839
-0.4768526822035566,0.011674037332083165,1.0,2.0076458598454363
-0.9765090022533693,0.3969395051301612,0.552021706118748,-4.5133972779053995
0.12978132064029224,0.05660851432849312,-0.9750619681747288,-2.4232853383864836
1.0,-0.021507554349923463,1.0,11.255180466900956
-0.5502180212714449,-0.5628232517387421,-0.1957468329596046,1.2086317400905422
-0.9384852539545356,-0.4897947951478654,1.0,6.279565425032461
1.0,0.76137408673375,0.2321937439395123,9.707963297721959
-0.22796052404108336,0.5476543293595189,-0.7978901445865285,-1.3147549480991836
-1.0,0.7773481850312749,-0.5207291838239652,4.819637482162648
-0.019566598868772322,-0.493114346859844,-0.2924090022693522,1.6465253184302822
0.2536379182993773,0.6869379267500149,-0.8063337311834178,-0.003916918502832101
-0.15241524473277956,-0.8795409295204635,-1.0,-11.0478293303075
0.9900407311330488,-0.4127384712245279,0.7603742369978206,5.871316170847318
-0.8577276006861763,1.0,-0.5169974804031012,5.437457969271416
-0.20728873352215893,-0.19085290616918704,1.0,-0.14574953615464115
0.14357023820265713,-0.542694056193,1.0,-1.4619552346179978
0.5234408610652335,0.5650014164999875,0.6408905297943628,2.61071121599033
-1.0,-1.0,1.0,21.794152240513192
-0.32836073295916446,-0.9641610540172663,-0.7390801446079711,-3.5396539392525153
-0.050895037278272826,-0.09575567648174976,-0.15988775970969682,1.125325984583857
0.12448235609873959,-0.8654893744360463,0.8019787087950057,-1.2087760503338436
-0.9514450519476296,-1.0,-0.5374361310983626,5.3829805374024495
0.9429432344348185,-0.16494915994742798,-0.23460321588131317,3.54866953914485
-0.28232662458778446,-0.14260289082517086,0.5773974934226576,0.241114482277777
0.051964363797690316,-1.0,-0.2266804053732845,1.1000686876360057
0.5429425402387575,-0.08635586105340276,-0.21303558783850507,1.1402237726955926
0.5677618679790899,-0.7432963893342244,-1.0,-10.655759758072831
-1.0,-0.7329072972632962,1.0,14.600151378500735
-0.6045259904091262,1.0,-0.4691383165409999,4.94769223882145
1.0,-1.0,-0.07557070518219877,-8.470336689356433
0.4282990926961576,-0.4734394877720136,0.18047058597561882,1.555537277338406
-0.47674566542195485,-0.7185790710844553,-1.0,-5.048538785071099
0.9899264364054847,-1.0,-0.120787202760269,-8.124512718595957
-0.7979962437706802,-1.0,1.0,6.348426902290698
0.0553046748428212,0.17102764071926524,-1.0,-3.3978850843959436
1.0,0.5840851045094091,0.024961983357123074,6.753126196274072
-0.6955110433656115,1.0,-0.802029542395287,2.3931741882079516
-0.23535113434862542,-0.3935020426296554,0.23535090488162114,0.36948040185558617
0.629122413305998,0.38111470240282586,-0.6348249369102781,0.793292838190881
0.0321203482137562,0.3869290522653801,-1.0,-3.934384016742592
1.0,-0.14067651549375682,-1.0,6.753426862219114
0.08218739962171195,-1.0,0.49545273347764773,1.250214251806793
-0.3108816372935277,0.42422144187748634,-0.7940213855936575,-0.5882290699394994
1.0,-0.5776616683794296,0.3294251486237654,3.891062765671497
0.23800696544308364,-0.010540889126458453,1.0,-0.44207381016029124
-0.06311539114450837,1.0,0.7574894267265706,9.554194216894281
0.8906935786591368,1.0,-0.34226387867697294,12.774549916582307
-0.06690171515382959,-0.855879459304963,-0.7656147472482822,-3.1566503459433775
0.1542010253837398,-1.0,-0.963437497180595,-15.481324897571227
0.037661683191100526,0.6679212155000394,0.7700720909286938,2.4951143695947233
0.5681914790390472,-0.19062616243589736,0.6834027336396034,0.5562750321049132
-1.0,1.0,-1.0,20.867229287460393
-0.6435781580068018,1.0,1.0,15.780432535379784
-1.0,-0.08819204189379337,0.04613734060986552,-3.9225802375814824
-1.0,0.29559593411788754,0.027702687427643813,-3.5565636748637885
-1.0,0.7172315275514749,-1.0,19.563614944825694
0.49676977146767043,0.5611558882669407,-1.0,-2.695980967107997
0.15465160433821135,0.38187247183367967,1.0,2.995229109521634
-0.5140469749374892,-0.8816039015919426,-0.35103392341857664,3.146726666638041
-0.3049196594254775,-0.14900570399633306,-0.03302431047160792,0.0779942254845861
0.9067649640677977,0.28470492728594166,1.0,12.21238914588345
0.7426766251225199,-0.42686218181250046,-0.1281387107290155,0.9884906059108628
0.7003477464433601,-0.2425628714141459,1.0,-0.9215675991404896
1.0,-0.741374904612699,0.5021243573401899,2.400394594829879
-0.7794632727433843,0.8874964870327728,0.8329664649061819,3.8523302534639288
1.0,0.5237306783447042,0.19420413592043473,7.358542277415786
-1.0,0.6109080189647489,0.5017968851821097,-3.05633122938883
-0.1572294825397107,1.0,0.9810463371099163,13.371943804424987
1.0,1.0,-0.5130271647645797,20.38135854384712
-0.1656586774715012,-0.2885290710780326,-0.9792576137484876,-2.690292581660266
0.624399441453483,-0.5999590582964858,-1.0,-7.912020300668784
0.8302552413863435,0.9153260998520576,-0.7048496073737449,10.468207688372377
-0.7018314504008762,-1.0,0.07713062911643176,5.54778078035378
-0.7430619383642094,1.0,-0.12819872266622045,4.83698354599339
0.8242360455553523,0.589590447819293,1.0,12.760645562282084
-0.2787531206460414,-0.43609757322580944,-0.36693257821925007,0.348588900494025
-0.25104019044043757,-0.31430382009382973,0.6492480586877583,-0.023413036774394547
0.4278629585000209,0.03626756354363714,0.36090907758934776,1.2926618596620292
1.0,-0.45188337059372063,-0.6645546174057693,5.522675732526373
1.0,-1.0,0.4598585597647229,-6.983161446908277
-0.7076843174485603,-0.025295450453225676,-0.24675165158867518,-1.0747500236180338
0.18537891111075377,-0.802541432918408,0.387243406988353,1.1035969249573665
-0.789764154722175,-1.0,-0.6302818820761316,2.5410066865878917
-0.11308447666036314,1.0,0.1987592657888011,7.229297270722389
-0.27773048227781727,0.13731545331469808,0.01140353924196802,0.22449210344725562
0.8641261389177475,-0.3411103628780434,0.5616838445916903,3.687632888599974
-1.0,0.02959522073681864,0.49605487686609906,-3.630736751487082
1.0,0.7268155766367108,0.2823299612414718,9.640552732932182
1.0,0.37528128944925165,-1.0,11.405421206112633
-0.014674556677345407,0.8791925366239615,0.3549670351115728,3.8758404040481524
-0.07821959886799301,-1.0,-0.864229807466163,-9.498873861791502
-1.0,-0.9491031820665279,-0.01393266525914938,5.911438603313299
0.13811041549621006,-1.0,0.38769785794002476,0.8710434896104757
-1.0,-0.3829429657517285,0.5048214330213916,-0.9298376457899251
1.0,1.0,-1.0,39.608192213989994
-0.34832855561057774,-0.41853011967315146,-0.04127323892551393,0.4317614257551732
1.0,0.9667793131790661,0.8275901901615723,19.410081434743077
-1.0,-1.0,-1.0,2.1888685618426775
1.0,0.2679038549172419,0.18368583549490403,4.717929917176494
0.7805531301308433,0.9258064633238181,-0.8732771302863591,10.735208416940777
-1.0,0.8532338405306423,0.8239577162206133,1.237447690395475
-0.7213257217543465,-0.309603658410849,-1.0,1.9478462218628452
0.6761133496815759,-0.6541766123183916,-0.2734554677616319,0.8536873408163672
1.0,0.112847861361701,-0.636632912346718,6.3546348925565646
0.2916161517973801,0.5649407158059383,-0.04971683525288717,1.0183363662573477
-1.0,-0.9853324373593606,0.5233763518953527,12.517819806173728
1.0,1.0,-0.4237281208644339,19.158663941907093
0.9846885270673007,0.7442526795129327,-0.7529862977154884,9.26542840970388
-0.5160873640438017,0.04928201702139923,0.5951874255453167,-0.5647796114812785
-1.0,0.15952049900730825,-0.6565981819539828,0.20439135787648877
-0.16658875654819427,-0.05920660825013324,-1.0,-3.1954700232474247
-1.0,1.0,-0.7834681179508003,14.202106045757448
0.8328418858108644,0.5425804577029649,-0.29543948824856425,3.178222638413568
1.0,1.0,0.28737763154109186,13.526909703143193
-1.0,-1.0,-1.0,3.191188787283817
0.10802710763124557,0.06107235218537643,0.4312339398402645,0.48292263041213834
-0.3108021416842146,1.0,1.0,14.819112202526101
-0.21775844182501847,1.0,-0.9401399766000487,5.4893672245861005
0.3573800225358852,1.0,1.0,9.674090787467092
0.07493790475876883,-0.5709542935874525,-0.6918050137095424,0.07973035424431928
0.033012875270266306,0.11710468033101429,-0.4086358228524345,0.9138014877481971
0.16709795178667908,-0.010326427343707145,1.0,-0.812651463742014
1.0,-1.0,-1.0,-30.19891368568036
0.1228893883050104,0.4734567548545596,-0.7324927115159217,-0.22344754496780042
0.3139059398294053,0.5045374323195115,0.4995885220164553,0.5814123021160934
0.06120304585401959,0.5737727740246128,0.07126507871011789,0.9707037610214095
0.5041305672724528,0.5322049761163616,0.2843782349533994,1.588701040891111
-0.3659987598551926,-0.7608116303449666,-0.07354815445138341,1.8481285783471708
1.0,0.552465995039739,-0.6221163757297938,6.564252480462519
0.6751442372427123,-1.0,-0.36376200477716747,-3.1784121828049914
0.9071957773594681,-1.0,-0.40588963029649716,-8.175716630944319
-1.0,0.7044460449015395,-1.0,18.554870633003844
2.588778630130406e-05,-1.0,0.7313390597270948,-1.4939070286215625
-0.41453894767414434,-0.6014488187517584,-0.42384457761568917,0.5291335416235007
-1.0,0.4761953513722572,1.0,4.69598815493478
1.0,-0.6862975626745478,-0.35787417617265715,3.1501057570790465
0.676895364823878,0.38344476026573027,0.11877490154791248,1.9093918340041567
-0.6038277125469174,0.1796071901775902,0.14669583979980017,-1.6141719559102112
0.515926214118426,0.44407617626093177,1.0,4.2992559434560285
0.890885624654576,0.9105360791203325,0.9222758641565285,15.723862312118744
0.26320921869426406,-0.8728166755811988,0.06036547388502145,2.223424197043991
0.23490185363584914,-0.5947702065360871,0.7311136399169886,0.12395818728945074
0.6551315064455188,0.05562086649849207,0.09333661538774107,1.8463265239089188
-0.2185456085140114,0.2619525374127323,-0.8565607284344918,-0.7900887694142797
0.39657119203510005,-1.0,0.19793686714027214,0.6343784955895745
1.0,-0.025982400528821392,-0.4527073490012161,5.279440808401876
1.0,0.33575909910221835,-1.0,11.003851147144543
-0.10670602514874172,0.3533455285785918,-0.35406019890062335,0.10322570407573721
-0.7400423464461636,0.7316697444428948,-0.6855233640870155,-0.656674198234247
1.0,0.41581165973694034,0.8611403198574215,14.881340575993468
0.2547751234354494,0.8799052644702374,0.22258844430126334,3.935658389305413
0.30249576157201785,-0.8572410871358767,0.9387213769419127,-3.5623350456334695
0.7787636981092174,-1.0,-0.7657932240138934,-12.213650995059472
-0.13279110990425602,0.33331684503896475,0.6188251096786808,0.3211931556140116
0.5493013560160362,-0.8418504422092967,0.2359202599475898,0.8311550725063671
0.4375538859942498,1.0,0.2026304048810763,6.755804993991065
0.26240877748815494,0.7977129026962699,0.8374663987238209,4.743055168021148
-0.005852622750515568,0.0045388362910459,-0.7790896094191786,0.006819909143222613
0.8805990690175123,0.16606757034919495,-0.23148461972008305,2.9571613506469774
-0.5915229630283254,0.4142552958917851,-0.12128067705052659,-1.4872328398156154
-0.1601544523595113,0.7428828130249485,-0.30691906122345625,0.21768238130014084
0.08934128314917467,0.37323845335605,0.6505397611397863,0.20132859936765685
-1.0,0.32077998139005537,-0.44556946717658175,-0.849077438347297
-1.0,1.0,0.9928466946810883,17.253059039436465
-0.5471455469241526,-1.0,0.1365958677543282,4.9134214632624
-1.0,-0.2901970784523564,0.45322576191099406,-2.1837976855756747
-0.3713654125745549,0.06280843545563264,-0.873294905790216,-1.3259792038475646
1.0,0.68939856815902,-0.31668273922768453,6.711134980211068
0.9940834778090415,-1.0,0.05792980588846852,-6.510627630662504
0.8562156365954592,-0.9642266608607661,0.5575721387920403,-1.9917593437899428
-0.2709302420361983,-0.011861721080490106,-0.7081295202102424,0.23418674183965094
0.7297940359054758,0.47104282820995724,-0.060103198881614306,1.7029181347306963
-0.6643966562390733,-0.22455427377111015,0.2903567168232293,-0.2056068049630567
-0.9424929559908459,-0.23609333762185725,0.46478800800959696,-1.7778034836412113
-1.0,-0.33605737802958036,0.32893113140698405,-2.747537681285987
1.0,-1.0,-0.0588581084597275,-7.839302248368275
-0.19211585117328678,-0.07499256969590484,-0.2746752748460415,0.23128724840024684
-0.15266536188519253,0.5141188852053455,-0.1820777328021992,0.4609483807274143
0.8525826893083697,-0.18148312172281322,0.9890128195047396,3.5009689675291735
0.17488158536327902,0.09762868491825771,-1.0,-3.5239064162913123
0.47334017946902596,1.0,-0.4460855366819745,10.848314096256454
1.0,0.07970283872850259,0.3498009928561887,6.627494890768759
0.9466080638244747,-0.8630157216175582,-0.24465601804137416,-1.00042884134995
0.4756804777137811,-0.20266507615080886,1.0,-1.8738034604234377
-0.42533560947790194,0.31166778765173864,1.0,2.4762673578165955
-0.6408868858700709,0.6113714843227076,-0.3240742598825075,-1.8155409554907906
1.0,1.0,-0.3881099620870807,17.65705535267101
0.30130374014806827,-1.0,1.0,-7.265987485798569
-0.6385008200331495,0.4016607674947419,0.19500116328036365,-1.9938481109411235
0.6450444240810016,0.23441822610900442,0.8474165141721623,2.5955567447705916
0.8715433067786318,-1.0,0.015461693420646183,-5.28314827442526
-0.3526796173579032,-0.40663602935752974,-1.0,-2.8302498126122497
1.0,0.9260802329029258,1.0,26.824736428245924
0.6875329841872304,-0.0017825172931276168,-0.20035463629323336,0.8782135517885536
0.5116945452358532,1.0,0.8768692837363887,10.078342504590125
-0.8794718772961239,-1.0,-0.6770355984730168,3.122561514833173
-1.0,1.0,0.5520801006264406,0.5165596269228679
-0.17699088013039943,-1.0,-1.0,-16.326977625945478
-1.0,-1.0,0.9371180790091043,20.5853198184794
-0.2599811995179033,-0.1253023007465739,0.26657806435389975,-0.47000468487977953
-0.051621393747369515,0.43781687507673395,-0.4995854464127518,0.011554063527963787
-0.30577912521999573,-0.8028481939067469,-0.8445746410677339,-2.8861711891617934
-0.851593432288732,1.0,1.0,15.707212811669544
0.39953246275258425,0.5960204293684805,1.0,4.158510090438043
-0.8282269984094421,0.2422706233122749,1.0,2.7213172650091746
-0.14165726180569238,-1.0,0.6993788527537095,-0.543784261206765
0.35506427532411955,1.0,0.2233957934464006,7.243534738934684
0.6518838348198088,-1.0,0.31890711420767914,-1.817217794986714
-0.659082865264834,-0.13901442865851377,1.0,2.2438307432856806
-0.9841062393784814,0.16608487068760303,0.21296982678355914,-4.861800440145574
-0.4444125495454254,-0.010944502640316989,1.0,1.3979192085309193
-0.053953953020938306,0.3685479395060274,0.34171165332026954,0.08264154109003334
-0.9886727471218466,0.5490670078186433,-0.6738766368777509,3.293271196070922
-1.0,1.0,0.18530056870537148,4.9395066673798675
0.9310707886980161,0.8580146776451851,-0.39502530352774134,7.80283185706224
-0.4703818979276675,0.2506259851383448,-0.7604152138258116,-0.7460847263928135
-1.0,0.0783527633751917,-0.48368837132349585,-2.142674389759794
0.5582002892193405,1.0,-0.970348122511105,9.453234093185525
-0.3258938840881138,-0.4699555604917094,1.0,-0.4469453837673911
0.45708949246197483,0.48410686569549033,0.94117552556012,2.932677459820292
-0.0390395438828941,1.0,0.4320668027025911,8.483210744835347
0.21326571431059116,0.024498861035367803,0.0689565362222071,1.4469286371470682
-0.22332067919499643,1.0,1.0,13.61171981529122
-1.0,-0.5695101172344694,-0.3166221229432502,-0.8790268968323887
-0.05730194891164775,0.6810737725502187,-0.41436090426491634,0.6616031869045389
0.10128212203899878,-0.18733990137549195,0.888653748140964,-0.8251329139430843
0.09380759419706108,0.09980411494479369,-0.33210963953003714,0.2505455710139537
-0.527728386005341,0.06921725871497575,0.20738656264448818,-0.6993604508848053
0.3740902802309609,0.05004684465077758,0.27215326622635083,1.0210091817519824
-0.804839708746935,1.0,-0.9283272051035996,3.178509933243254
0.7954031035472995,0.159796909615032,0.45216899878700145,3.1507849395049954
-0.18084966538120772,1.0,0.37699621980448184,7.675240061836411
-1.0,-0.7783815047862126,0.42404774342295504,5.604206320922889
-0.464217597572145,0.7757187408187298,-0.84653496582071,-2.678149634950385
-0.340845446187795,-0.29706457535827013,-1.0,-3.2358278434616
-0.9351872352513309,0.5534834007819129,0.5794697250487433,-4.089459733634408
-0.6778388730593132,-1.0,-1.0,-7.690380784314414
-0.04757494052411815,0.07563154384535076,1.0,0.5924640699413859
0.32277390025570485,-1.0,1.0,-7.711052828029608
-0.3869635023463973,0.5057129645197191,-0.6093193060480961,-1.5590464429550435
0.45200776893241446,-0.32175623589578506,0.32929032876099074,-0.2583307953725804
-0.8747967210800724,0.48964564724189996,-0.7722641777949151,2.5430725367951705
1.0,1.0,-1.0,38.493738342250616
1.0,-0.6523463136294765,-0.21282229896978655,3.098434673253293
0.4612159204684221,0.12777794870459247,0.11148029027217854,0.8282901055232499
0.27312444557915416,1.0,-0.47982711181618076,10.23332638317526
-0.44350524535089275,-1.0,0.4452678765795186,3.055375222661989
-0.5385872896414956,-0.00041149071058455,-0.22285041287920904,-0.6692412687641481
0.695333234090727,-0.9372291673669473,0.7173780632102582,-1.734405189322369
0.2768137522848608,-0.2990471513429096,-0.24241472060707103,0.7551993102348051
-1.0,1.0,-1.0,21.147326892658057
-0.6779010704150747,0.31001852546462283,-0.65473963430137,-1.0300993196668733
0.9767904900264668,-1.0,1.0,-9.815937316539681
-0.07887126283599066,0.3864816326460636,1.0,2.0896234286237005
-1.0,0.12529805544069617,0.8321796978700742,-1.7536193294020057
-0.8418433010653168,0.8723892888324318,-0.08386207039199967,0.3692605957821758
-0.4545978500103476,-0.5730373348000724,-0.7674817813175125,-1.0283895895263486
0.8156724227878607,-1.0,0.05244289031749716,-3.8905137717164244
-0.9610001334145386,-0.23143472659989706,-1.0,7.4118688016189616
-0.0694931065257427,0.6052872572105064,1.0,5.218718342067486
0.8338570292096601,0.7294422409109713,0.6244680808528564,7.34483347737905
-1.0,-0.7895732805775313,-0.8356973898281126,2.2631167119458415
-0.006792623276450582,1.0,-0.5668564723354135,9.418535720607725
-1.0,-0.1526782607172943,0.15990617282815522,-3.6771040442084386
-0.1526912408550294,0.7312950733810601,-0.2886045687784009,0.3332670588109842
0.7569483195518898,1.0,0.4597128778210653,8.000780191043216
-0.5300845909993286,0.9486978282645582,-1.0,-2.0162544837420304
0.9424424377809559,-0.6091796020935429,-0.945510877764848,-0.8453919767684315
-0.7829771756738584,0.6580038525942191,0.38561221776457244,-2.871585897451733
0.2770537079042974,0.8114850124233048,-1.0,-1.9683152776576147
0.5766710378584963,0.1812036587120558,0.6606426634418694,1.2984356751923818
-0.416269932080898,0.12500616979926926,1.0,1.122318763787429
-0.4546807034795024,-0.5206179144166765,-0.7309584825859783,-0.18230574997399163
-0.1962223765226072,0.18738907962821227,-0.6091146824627447,0.14000706726390993
1.0,0.8785625950919127,-0.4703338304439528,10.605620942361353
0.681950149534263,-0.48548776359170165,0.6812846870798326,0.9040422974004126
0.267636218197149,-1.0,0.6340112354940339,-0.5891974449205084
-0.3271406050939907,0.4984107438324896,-0.4414661613131512,-0.7589308062772302
1.0,1.0,0.8456968458339051,19.28253222371355
1.0,-0.08960813402703582,0.03736207750151199,5.49100943403124
-0.4056301786449217,0.34183331447655463,-0.26881429788970856,-0.40988391009206426
-0.22183766291497098,1.0,1.0,14.892072383858686
1.0,-0.7864810694229032,0.25152008005549575,0.5182734768720556
-1.0,-0.9517973040941228,0.06670195850853133,6.879123994624797
0.21484266570712873,0.01586577113029919,0.7600441340359427,-0.048577714719622744
0.4409475883968563,-0.24105689205975867,1.0,-1.9267960696084931
-0.47538348167368794,1.0,-0.11754972480096448,6.718895822447909
0.19866948974583076,0.2414478659143584,-1.0,-3.1984941144386614
0.8716595297021272,0.24125290705932545,0.03492484191968459,3.445511433108774
-1.0,-0.22597622091094394,0.1295439058480381,-4.131725049757323
1.0,-1.0,-0.10679993738321736,-8.134966111175213
0.046160797349699134,-0.1718732369883169,0.11461306465727339,-0.3876824535292547
0.7482488453017109,1.0,-0.26614567279525025,11.60326830892898
0.8261749312118136,-0.7678771023605275,-0.49762610390615136,-0.0790032213609046
-0.076172686469129,-0.7579182580671615,1.0,-2.5918231966598175
0.7458737402096398,1.0,-1.0,14.143202382224656
0.06327512695922777,0.40446724744673657,-0.296882260296252,0.418575668699215
0.6247805522622969,-0.06775885833870587,-0.9279664593073527,-0.8549832818012975
-0.7138489017534015,0.3272841860234279,0.5620188384162754,-1.8620631418637472
0.07441128858847601,0.2562340788059614,-1.0,-3.6155786219871633
0.8439549250257501,-0.28944814259994867,-0.8164459784903177,1.7613048394684814
1.0,-0.9326996929513773,1.0,-5.984610968930842
1.0,0.6947410173662145,-0.6040003378291134,8.551523210396114
0.3979181982031883,-1.0,-0.9479920493422143,-17.027251746719696
1.0,0.03574283999821315,-0.36063200868100154,4.465235710683659
-0.907755760757124,1.0,-0.12346359143414842,5.626547342260747
0.9720724452921528,0.48175930976355574,-0.37907751937648326,4.453963486318782
-0.16811854144922722,1.0,-0.07763200402213832,8.03408316877103
-0.41259720382216325,0.8113641656666515,0.29764263945328384,0.8245785172624911
0.1877328654990924,0.5742753662781881,0.06685598358870304,0.39295178530715996
0.2165609178504717,-0.10853695835234634,0.003965991301704941,1.4837107030063934
0.20523925783041275,1.0,0.8181570817782293,8.656482073791254
0.7497961908393607,-0.7410276025612175,-1.0,-9.73919369903298
0.015983749774946654,0.2217154616668231,-0.8256308180754757,-0.3089533987781101
-1.0,0.5848271705762693,0.03278368699960699,-2.855552856073591
1.0,-1.0,0.7080214653659471,-5.335499147173077
0.5953436898619271,0.4099337401696608,1.0,3.4180505402286423
0.3181709190423956,0.2523241502763527,-1.0,-2.5925064274728227
-1.0,-1.0,-0.5032193531059315,5.010569978939856
-0.15022564809038363,-1.0,1.0,-5.580324420462452
0.8851301488055168,-0.9043764562702092,0.6393495478276285,-0.4968976747691475
0.07410880203565084,0.23554942975984305,0.45227513544797815,0.4013740368251726
0.8584812349678128,0.6758103070599191,-1.0,4.899522494582231
-0.8234613951948739,-1.0,0.36523674894071356,7.441075774191673
0.11933375987202699,0.24573461747329062,-0.6045981550954769,0.050894264007241286
0.8038795484221302,0.31466822828316454,0.5827132873212011,4.234435300550796
0.29443186753466577,-0.5312039964954818,-1.0,-5.766489714810333
-0.2217603101563128,1.0,0.345997652115259,6.696569395490381
1.0,0.17346044740507494,-0.4712336001167503,4.589991414591602
0.4742339849625221,-0.7157794915976072,0.20173187498155154,0.6295748587858053
-1.0,-1.0,-0.9303699814044764,2.6407631090139767
0.08715016024952149,-0.44376000276918703,0.33371632805355156,1.1215617944341925
0.2318303016077481,0.2721032268992858,0.673890235638424,0.4974364909646054
-0.5262709233378111,0.2923622922464879,0.6888438695796015,-0.9783008230494608
-0.9630964362809327,0.18062289413442079,1.0,2.8128709825746427
1.0,-1.0,1.0,-9.619180594988068
1.0,-1.0,0.6329986969780903,-5.775442874334033
0.23395159302777113,1.0,-1.0,4.745473852740057
0.07431187775578163,0.015604245883413803,0.11520486060393131,0.24775323945007455
0.8548074237983965,0.6431984716939707,-0.44758173918503874,3.3051616512600686
0.2936737390082831,0.009858218593078893,1.0,-0.750539634729827
-0.5855038612486128,-0.6375226169400949,1.0,2.250465092215767
1.0,-0.9622875522047547,-0.6658033224180686,-8.368403258049883
1.0,1.0,0.3515994981710495,13.719408218119058
-0.384585647556968,-0.8249956117230384,-0.12799629942350332,2.849867843456866
1.0,-0.43500428273185987,0.6779745437933069,5.955710454171032
0.28708327745504647,0.9113284491807978,-0.84541114258683,4.612566496741875
-1.0,0.7256849913256052,0.7428032473327999,-2.098078334066975
0.31173297820287593,-0.2854186777456189,-0.5692468731791609,-0.07218161819030722
-1.0,0.2688319428704973,1.0,3.4600403840977783
0.0038107732869245847,0.023516409175476705,0.07001146569888883,0.3692028800490009
-1.0,-1.0,0.03193406627729578,7.960611201026001
1.0,0.15775747162702247,0.8477081522898433,10.590022690816749
-1.0,0.10849321553251845,0.11575770645091343,-5.291090190353329
-0.031411958092828485,0.3855795702867082,0.17148585529510219,0.19518706834050223
-0.8885286999979187,-0.73435926238936,1.0,9.055700384972779
0.2384133352247868,0.4346870698436218,0.04104336790726548,0.9860271107686834
-0.14132583813760613,-1.0,-0.047916553157984154,3.9548373672414674
0.41696963912153007,-0.1554457702772678,0.547076500226855,1.1054690662187678
0.4364615759724271,-0.035689652397819405,0.42560196376789694,0.8171813035825913
1.0,-0.45969834611514093,0.4854705588215753,4.750049022957503
-1.0,0.8901109335284225,-0.8654735187437645,13.315338926623483
-0.3213517709587479,0.2558041496118706,0.22113194672073333,-0.598885759548861
1.0,-0.6347601647027756,1.0,2.429143256413275
1.0,-1.0,0.06813993637983695,-7.925262993069868
-0.12852352462852457,-0.22962932481162923,-0.13339176704910427,0.4587298510011885
-1.0,-0.9429414382462233,-0.8163424196405615,3.20544028923728
1.0,0.3174461728594731,0.2278541871333455,7.206448744980737
0.18190265796394933,1.0,-1.0,4.43806714642305
0.9871659407379536,0.3076194790633875,1.0,18.458804177434352
-0.30215292390879367,-0.5085583662177344,0.9133735344151619,0.02395036354654055
0.663151034090965,-0.48256160530432934,0.25885779240024087,1.5640505380562528
-1.0,-0.5876927928898659,-0.7238305348345719,1.2574557425704018
0.1588168475120113,-0.983300731400419,0.41826408913348545,0.4264912807909025
-1.0,0.20639833823345288,-1.0,13.496725585142537
0.5711850256833193,1.0,0.10368501026017074,6.736798543248313
0.002915884008174885,-1.0,-0.6666556175650789,-3.828416452761943
-0.9658314431471491,-0.022606286136691356,0.30319117391636774,-3.0772238897423794
-1.0,-0.7798393045191387,1.0,16.53964730391608
0.4061296454244181,0.051607642711721136,0.5915289075472392,0.4677636479254817
1.0,-0.652551962358402,-1.0,-2.2882023561354004
-0.05301191772961067,0.26461823461241285,-0.8019396549074185,-0.6970715537057799
0.798358804996006,0.7464422719842454,-0.7157398748304751,3.442673613665802
-0.31524614453842537,0.7456455469464662,-0.77935645882796,-1.7809009592787493
-0.264904984146074,0.5576286238384878,-0.4039784906574111,-0.7147903264727538
0.1712587224860571,-0.11845613489852624,-0.9685693002826252,-2.1659194156619943
-0.6356929644431348,-0.12891709159276088,0.05792515623572325,-1.1100960580408887
-0.4858645459491777,1.0,0.5370754518254843,6.540011238376694
-0.5970966118798291,-0.21217194679494567,0.640514171258264,0.8089382770473483
0.6157980006268966,-0.9287619208734619,0.604142801944686,0.05370006676333983
-1.0,0.2475335427459644,-0.1891963141895061,-3.7087263272045368
-0.02331573457512892,-0.7296498832391765,-0.449284350874011,1.0613890532910844
0.9808877689798707,0.537439800569492,0.9193920937854085,18.41956464162345
0.41282101812434324,0.8815022769843939,0.6741676388199769,4.532969261509363
-1.0,0.7555571371835408,-0.7710768450340735,8.786905821391972
-0.4502567142656191,-0.5137134760005144,0.934528000938035,0.78964768644998
-0.3645319243775873,0.6942224543701649,0.1870377529174445,-0.5514642113947027
0.9406620877690828,0.23342693817064508,-0.1932820644817228,4.061685644813432
-0.08658008810521745,-0.2473144242222125,-0.39440641688011135,0.21320336296320952
-0.24625678740931645,0.5771678196290766,0.6633829593943632,0.636016525490781
-0.4120420297573899,0.36655336800111393,0.046490088552094244,-1.2399489509878017
-0.5143702770376064,-0.5007896472802225,0.0693312109178088,0.4698023739238964
-0.4463798533190144,-0.26037393895580974,-0.68512261643549,0.6440948717030155
-0.31278107016708145,-1.0,-0.6705523455926239,-2.404259469389158
0.9835976949128618,-0.3238871798704528,-0.548610015115508,4.6442325422318715
-0.9039645324806074,-0.291040160456447,0.5601202104499066,-1.602394094827695
0.5323656397320999,-0.02029152222278574,0.19284855451973804,0.9117209909962329
-0.06433754836189354,-0.13043843947351053,-0.6907053838243631,0.6565933719990104
-0.572872475930724,-0.05310259655882854,-1.0,0.39602981460803843
-0.1205359664559964,-0.4200628676102691,-1.0,-4.306415187765785
-0.2457948598346551,-0.17905495162485208,-0.5220891152218856,1.1450344722182892
-0.7477580883027644,-0.3498310415633159,1.0,2.697320760138905
0.7305046000777049,1.0,0.45523093531736447,6.954185801039784
1.0,-0.04175630162906252,-0.07088805588507507,4.046266620750778
1.0,0.7016769696637568,0.2657290647808921,8.198964454021286
0.8956805718139611,-0.887032998182133,0.8568775395607473,-2.1991318146814143
1.0,-1.0,0.2068191124175005,-7.071703809781666
-1.0,0.987241281390729,-0.6020628769425707,11.642775790453387
-1.0,0.7495343217199504,1.0,9.962393439721975
-0.3636582212163062,-0.33207634254113305,0.16029664251436615,0.0654845572298548
-0.5816342431275812,0.08213942997033707,-0.01924281452831944,-0.5217077025708567
-0.22700430895275248,1.0,-0.2565071363899012,7.625143100415624
0.10836532919994957,-0.7751205991467947,0.7294573650113543,-0.28874471876865615
0.6897214234912266,-1.0,1.0,-6.9120311114652955
1.0,0.6936266102357789,0.44080369931276064,10.14370861311523
-0.22130860208145986,-0.056717742403214366,-0.7381809328236433,0.6003278685809829
-1.0,0.6487532325306851,0.6701603297796519,-3.8591389130901774
0.011211059860465333,0.5911169960227964,0.7421939014776577,1.527590209921489
-0.022379275061885195,-0.7559631937413025,-1.0,-9.268639809405409
-0.8948608918336443,0.5357653166701672,-0.607372392328831,0.04873408406930099
-0.4628820756082437,-0.39691336546954314,-1.0,-2.118512499897544
0.37537710834412485,0.3363355097937888,0.46056299802006295,1.502889639640744
0.09979945548604019,1.0,-0.22164612779966508,8.711980281536135
-0.6536230368151974,1.0,-1.0,1.6892746814911566
-0.8418685972500282,0.1894065044911062,-1.0,6.376943294270109
-0.9998709006489193,-0.7191773754754733,-0.7603907909969418,1.7408176514625002
-0.5137586887415866,-0.8846487223864634,-0.731008057350633,-0.3507153284077199
-0.2534636857131347,1.0,-1.0,2.2412960828876702
-0.6033122358855856,0.001553600299150082,1.0,1.7589161287930875
-0.47826648721147746,-1.0,-1.0,-12.091280240171821
-0.19867533960917516,0.15181559903757447,-0.3038287453473212,-0.48703280337330274
0.04340696966730273,0.5350445561643062,0.7575907090161089,1.5429087089258644
1.0,0.9484780241309234,-0.7295577570153584,20.562222400722604
0.5694161662352955,-0.10892372558458363,-0.12710142325799256,1.3193100047456883
-0.31589413401874,-0.9203894583492855,0.8826357907018667,-1.0389170573108506
0.718770786490968,-0.701520669251537,-0.18095671075975694,0.8125213463154343
0.30069832827470644,1.0,-0.7440325344352197,10.51289334468646
0.5992590594377298,0.8463167581100557,-0.8533497327728641,3.4736374457090218
-0.18922519836377472,-1.0,-0.4067357388522368,0.9118655385728784
-0.5253398301754781,0.21175634939600285,-0.018764700420020652,-0.8467764824184778
-0.9283664389821513,0.5233745079371737,1.0,5.542186856610615
0.6347975708853817,-0.18751327880334356,1.0,-1.1563039469952723
-0.23831861259705378,-1.0,1.0,-5.545496902536828
-0.9242780395519326,0.7433871499808467,-1.0,11.424429542068964
0.2594697729779969,0.5059209760607466,0.2846284868183715,0.9454837513252738
-0.8104032150921552,0.7313991242373368,0.06303198467716009,-1.9719770880248544
-1.0,-0.5335500403671389,0.072366532246819,-0.9755989885750211
-0.15189605372836934,-0.3803174327994685,0.5116333990976265,0.7206526245970157
-0.9036743910122671,0.9003027342579728,-1.0,9.024214796320438
-0.34179142798314577,0.003953967710086381,0.26749831187053696,-0.11692222119855133
0.6577735960943825,0.40098555313146633,-0.5315604644016332,0.8748611345278059
-0.29143855597282275,-0.5232840100454859,-0.21526481508929352,1.3073101122978805
-0.43670302716201626,1.0,-0.5210015897483267,6.463606722955886
-0.4074039238721918,-0.0360516540874678,-0.44593764378053224,-0.04203678149492357
0.15345841062837207,0.3422914590109736,-0.2819148106719318,0.473044840714562
-0.16893096865048296,0.26067630851908263,-1.0,-2.5677471398408893
-0.41096271121846506,-0.2868018394788465,1.0,0.23452386685308702
-0.8060301093118105,-0.24911399343782858,0.24927427360971466,-0.30174700278257066
0.3651152712399979,0.7033268343195511,-0.8553327826163708,0.282617184612039
0.3100140027027809,-1.0,0.6331591452002234,0.5334512577884684
1.0,0.8885732536573749,0.1734950581107526,9.959949281689513
1.0,-1.0,-0.6477510899807395,-12.45196192201396
-0.1291480102615521,1.0,0.2150977416122719,7.379664732682556
1.0,-1.0,1.0,-9.788744416245226
0.9924073186902498,0.7538448732601173,1.0,24.933131206225127
-1.0,-1.0,-1.0,2.523028238208846
-5.22281928094781e-05,-0.023712913362903043,-0.22496909520401398,0.30204556435014324
-0.44804782371446605,-0.33119801552426664,0.8065874209726303,0.18180789481972862
-0.6095476861454105,-0.8912419388277308,0.11758018929148317,3.8770268932390075
-0.7388128122721753,-1.0,-1.0,-6.113913840369651
-0.19676170896447842,-0.7332762461715248,-1.0,-7.515358622113658
0.3265434763809565,-0.7235982127433249,-1.0,-9.81504855277806
0.24040120332513237,0.1073282531403359,-0.5502989246466703,0.8043961223977956
0.39924771090055544,1.0,0.14445097801380657,7.756889334233048
-0.6175211300552688,0.4162724668245923,1.0,3.428702519642498
0.11818833569139553,-1.0,-1.0,-17.98702078830094
0.11419168762453946,0.5053352848355606,0.6110269169239801,1.1035630255004092
0.6479450787581209,1.0,-1.0,9.907219388327317
-0.7052199027478865,-1.0,-0.43160128106621354,3.3490381144228816
0.7592839249538723,-1.0,1.0,-6.965561318442694
0.6758763729890349,-0.15513709775203943,1.0,0.2486014447211699
-0.1197426339061578,0.1789440556496935,-0.3416158521274206,-0.2682756056076534
-0.6681927377739465,-1.0,0.8061843784414504,3.5453281919987627
0.7268296406138786,1.0,-0.6909553456095243,13.402775382000577
-0.2456807662083451,-0.298868846462911,-0.029744722755164155,1.655985745879686
-0.28558192671279037,1.0,-0.04577671011840856,6.570354075089862
-1.0,-0.09209021560752473,-1.0,9.715234678491669
-0.4644473946811274,0.5120707918116716,-0.2144691123485305,-2.116018950564005
0.4194957629472422,0.8696145874664669,-0.15454905307581202,4.649504150808627
-0.4893756972621086,-0.012898557505147235,0.3354531560993361,-0.1755868294934783
0.4846562722246639,-0.19302493598872483,-0.4228235730603642,1.8816819609003879
1.0,1.0,-1.0,39.35962808120283
-0.9094908751285888,0.6798376977133607,-1.0,10.341795049698964
0.014641308975631429,-0.9809142814656742,-0.01309214131586578,2.4675382358618747
-1.0,-0.21621373842109426,0.367937131917331,-2.900142996898329
-0.2521105571543507,0.5178495424462859,-1.0,-3.6355419716134634
0.35340509865712444,-1.0,-1.0,-20.77040722591859
0.015774221916357467,-0.39412761584441314,1.0,-1.2326551070562526
0.3657253621537693,-1.0,0.055826146891261086,0.2529142608694589
0.7308988875838007,-0.276363632671079,-0.28555595745261697,1.8029972229862976
1.0,-0.007916068224399053,0.14263160073432202,4.374786197822206
-0.33411312158252926,1.0,0.28841943106630996,5.970217668421791
-1.0,0.47112001723223473,-0.42148743317358894,0.014341453951585093
0.09908155540814412,0.6197584021320321,-0.06518694288398907,0.20244933595871206
-0.3430714694906325,1.0,1.0,15.175582780858335
0.4259225005160652,-1.0,0.9960966468252193,-6.489657087667944
-0.2870458710673043,-0.29733886954141164,-0.31829422026311893,0.8772256102765932
1.0,-0.2904966455113389,1.0,8.412962178826229
-0.17115310631381164,-0.4345237401506985,0.14630564265600654,0.48974418120191227
1.0,0.6876419521241901,0.4071090223286451,9.893167157282388
1.0,-0.06257714571751771,0.857692196287795,8.841820770527129
0.426307244996579,-0.4192986846599398,-0.6862131833755776,0.46030477078687315
0.32171651208746765,-1.0,-1.0,-20.038904566788393
-1.0,-1.0,-0.6067626541602849,4.9592735908872365
1.0,-1.0,-0.644272222218091,-13.446364608810619
-0.005646023780666143,0.5993318089334991,-1.0,-4.570704058287324
-0.21431540482108247,-0.05174484863533935,0.6022447131882347,-0.5925271629967511
0.515976808850255,0.6452607591822908,-0.5370078381608678,1.661375210067762
-1.0,0.9633026387484498,-1.0,21.448651629441745
-1.0,-0.40812498248706186,0.5029106572085085,-0.9353714775454738
-0.8281696139292312,-0.5763886618196148,0.32321379985693643,1.745865603056245
-0.8816167902873919,-1.0,0.1780506937899924,7.602939205005256
-0.32179980306701195,-0.9181711116270321,-0.43212321538403176,2.287929191973607
-0.052743164121481945,-0.5171188905831994,0.7647883320510813,-0.2050107324544664
-0.7054301783041732,1.0,-1.0,1.17250560692768
-0.21641972406252385,-1.0,1.0,-5.559173966816544
1.0,-0.7564410562559909,0.12468795736042648,0.6672770101088561
-0.26874947466844,-0.8110457420583195,0.1875972365136993,1.365660852620196
-0.36080726331380775,0.6840494612821317,1.0,6.642558161876664
0.6920532852677748,0.8393102886240389,0.7040240284819028,5.693213918669288
0.37193852485343815,-0.23015902918485875,0.7076676605966792,0.7893209982618541
-0.8847138484897319,-0.6844869421387989,-0.7794403969906247,1.9927239036082394
0.8796338805634374,-1.0,0.9861148204478916,-7.523072264462026
0.05951367574981847,1.0,0.15609520244053687,7.1526802627421535
0.7055306013888798,0.19275591265659808,-0.15443346592506968,2.1770078628576544
-0.3236805996731149,-0.1824645655568311,-0.04141146900358583,0.4334960055713166
0.3845613811696711,0.2938117005796388,1.0,0.9530925713174542
-0.9066756803447411,-0.4443843388316342,-0.5514571894783411,0.5185200148966391
1.0,-0.47798738867795487,1.0,5.611521979202223
0.42111876002313964,-0.3921467760018644,-0.8293415206345174,0.07793176711334793
0.4039194864879896,1.0,-0.03571959765156785,8.269627790783074
0.692196177722556,-0.5769772396367738,1.0,-3.2592042979820213
-0.005184472058706424,-0.1476084201966068,-0.10317882390345323,-0.007965394257323899
-0.9434643670152782,-0.7409185482003655,0.3534811689048829,4.92392352520069
-0.7217877489798774,-0.5482560441115107,1.0,3.5635854674808964
0.835778356612527,-0.019020471374036507,0.23796380341228374,2.3330657846059335
0.13864168728665072,-0.3411064998464193,-0.42268126396636685,1.5647053574492962
0.10748210852204076,-1.0,-1.0,-17.821561531205468
-0.5158078463990108,0.25741324376011354,-1.0,-0.7238012272572244
1.0,0.7953162266494604,-0.24393789384393716,7.512567981513834
0.1945215919127261,0.3994101881612697,0.6860117806298307,1.278491781267997
0.21094242077409486,1.0,0.5936391224266291,7.593946537556102
0.8181039558412568,-0.6637246604285878,0.12138313528736333,1.4035082753982855
0.7735695694422793,-0.304844047683114,0.5442432755892193,2.41579361039384
1.0,0.06962135563535887,-0.1256389639804154,4.673602359180151
0.1299971332647103,0.6618776395991728,0.5150064612341845,1.5092965004355812
-0.13729172709346793,1.0,0.09846472396590111,7.23227238899607
-1.0,-0.7496497034953977,-0.24244334842173365,1.6559343969759568
0.15168764425644254,-0.029376261689721295,-1.0,-2.779160538708053
0.31134381259169963,0.536506519693605,0.5330085969234637,1.0642575275048318
-0.33395497508732674,-1.0,1.0,-5.148951374453521
1.0,1.0,-0.30641982298037607,17.069379583272664
-0.8989133244061462,-1.0,-0.7465516233137166,2.7190909037690845
-0.47902430624608505,-1.0,1.0,-2.934956134336037
0.8018020565581192,1.0,0.0992589310728007,8.689610334675988
0.8945654630075912,-0.37536524887779676,-0.420938449039727,2.8143643075061204
1.0,-1.0,0.8204623018453647,-7.057026904981802
-0.1184720876916523,0.1271131826023697,0.14775993475970695,0.4621322614151598
1.0,0.28737271841588097,-0.04307187899356513,5.692216221133702
-0.5667353017370076,0.5728666357271457,-0.24940369745090485,-1.3306626806916544
-1.0,-0.041197563674649995,0.6801560237763915,-3.0301959002704453
-0.541169540771268,-0.0648133340860455,1.0,1.4862887829613645
0.8709056335864078,-0.9573164116746105,0.8947961938346551,-5.410385308957613
-0.5473620751770887,-0.33732150163809793,-0.07120434201697523,0.4012351881340834
1.0,-1.0,1.0,-9.454443866612094
0.15379651197260036,0.06723513284734195,0.3965777519757834,1.2265967277995813
-0.31782451626939845,-0.5305892042198153,0.16507606876101777,0.6066694387716935
-1.0,-1.0,-1.0,3.03793813372587
0.6804368064650423,-0.4868849495897878,-0.3508386744215535,1.4223521940757848
-0.7388838940038693,0.07431767466803274,0.013006245852938747,-2.3996241707187407
0.7485023358959799,-1.0,-0.809976611582699,-13.679397984013338
-0.9728697251582146,0.9641387437785025,0.31853042749046656,1.8570476030829366
-0.8930048956595162,1.0,-0.2760195424792684,6.858305590579692
-0.053014443222956675,0.25382746642715626,-0.4333188878985075,0.4524874703588234
-0.2633063093961727,-0.38142830340289446,0.5526867352883156,0.627684503656728
0.46390996168268983,0.1727923381651031,0.3859337700619698,1.0613497730609656
-0.34462246197539836,1.0,1.0,15.264200315653717
-0.24212087398614712,0.6155032654146131,-0.026749870524860997,-0.32997937950266876
0.6731843047863451,-1.0,0.29404245229031933,-1.7262166848498013
-0.5206572473502633,1.0,0.23418015834846728,4.5914736266822835
-1.0,1.0,-0.4537899633166689,11.346409872014522
-0.7811430560109627,-1.0,0.7016545910860585,7.054267931853589
-0.14347282383436832,-0.25910834479103406,-0.6650811376091157,0.9509722067316392
0.3031278028104947,-0.9258069455855344,0.21737223925654048,2.28626298884294
-0.07966532252692238,0.8199479445819491,0.011381094914173717,1.7607885397693894
0.6003758920395192,0.851062341574151,0.041721448103100967,3.52445664788254
0.6066040379298285,0.05179442694871472,0.7427177317438964,0.93704620490689
-0.3243041645332869,0.6493079187192907,-0.8194358641297317,-2.226913631633263
-0.8989161877067704,-0.19055884979566184,-0.07807999444799929,-1.600462116546838
-0.08042229293679548,-0.04536905863417329,-0.6737005044373863,0.2986417695964678
-1.0,0.04108092918912587,-1.0,11.496176084484938
0.3353877133170702,-0.705448868097766,0.6185813121745236,0.6314111775244264
-0.8533966933589803,0.46093303880947323,-1.0,7.129995543370204
-0.10513530902674972,-0.5257284324529972,1.0,-1.3919545834802047
-0.46659152648355984,0.4885399172223108,-1.0,-2.429105477505498
-0.6395397026754581,0.4449160871744515,-1.0,-0.23226498267198387
-0.24238627086996822,-1.0,0.833587751576758,-1.9946756501097431
0.5549293213433197,-1.0,0.35461034476674747,-0.5150263641122671
0.04892578258387825,0.6215470917062365,0.0847340298087016,1.20612079626421
-0.9144315639976386,0.8041775394466328,-0.20785368535809634,-0.0010676339004888624
0.9446260968573292,-1.0,0.37879427712820135,-5.808547380793522
-0.16032831397181546,0.9189589964838276,1.0,11.661047279986434
0.6978200559293481,0.456139262004716,-0.28060755595322884,0.8607796110459406
0.6534437769411721,0.7193696191761103,0.8856951095997152,7.016028467339783
-0.566577007156968,-0.01732275445198539,-0.4659206411275525,0.011665844593872238
0.6427041256467063,0.4654280609645607,-0.06118467269799521,1.3329189375842134
0.0021843290646024194,-0.7119012354319434,-1.0,-8.48504656949141
-1.0,-0.5633630544008659,0.776774788373574,5.285830532033074
-0.37730946520388375,0.8289152881706106,-0.4715066459131001,-0.09339286817872794
1.0,0.5284804552979703,-0.623656889710207,5.80271960985834
-0.5847976298252091,-0.6399920952151747,-0.004585203092097645,1.257624137941145
0.1531575395853857,-1.0,-1.0,-18.127799460779467
0.9313918281219233,-1.0,-1.0,-29.3368573767108
0.2000342526960781,-0.8745624849128142,1.0,-3.9818183975627948
-0.27528852307360463,1.0,0.8015678253003982,10.196498775021158
-1.0,-0.9940581787221594,0.31585037830689977,9.425282737668883
0.3091239505857861,-0.4894268111669329,0.5060427861468311,0.9517126532736644
0.7149866973904779,0.9213935367410728,1.0,11.583914081590885
0.6840142016843784,0.5588147129480714,-0.6454665251062861,1.2895512003328746
-0.05499485383456193,-1.0,0.16505054381131323,3.0319225029094516
1.0,0.39192413623857103,-0.4493149522697044,4.438776036031692
1.0,1.0,-0.5701869211337665,21.45970951678845
-1.0,0.6760253340822053,0.12351611634337756,-1.5000193181230141
-0.3621701050466277,1.0,-0.7255963338311726,5.772780308588701
0.14857417894810632,-1.0,0.18610367632400115,1.5431891937804836
0.10462425958743249,-0.7720519007207771,-0.6753803580076683,-0.33925248966851723
0.047480699742818544,1.0,-0.944615760703484,6.545324113144118
0.9406341705439976,1.0,0.36555777555854063,10.809164812117515
-0.8993216281992382,1.0,-1.0,9.949019923051074
-0.7404876556898194,-0.34500956921877246,1.0,2.805973241258737
0.6872414469877495,0.2275717185543995,1.0,3.5488356576718174
-0.6764827981467332,-0.5494164581381917,-1.0,0.010871835137179375
-0.23772852932406852,0.09027724253473268,0.12580850347806272,-0.6909290508498048
-1.0,-0.1626617232874148,1.0,4.703581403745084
-1.0,0.4749734347598862,0.13455496209282858,-4.2127684722875545
0.23643368225068828,0.5212876872746561,0.3096954181509135,1.031965628565392
0.4826531452291438,1.0,-0.16788642166479528,9.330735822022948
-0.5400229156263374,-0.6652753101067981,1.0,1.517707674243898
0.5355230466366507,0.414258638917526,-0.7064410011129216,0.7466957022574052
1.0,0.30345108060471637,-0.5768546719827377,4.105513472690898
-0.6104981852800402,-0.7254075182987725,1.0,2.1571281560001854
1.0,-1.0,-1.0,-29.234430188232313
0.6436322845980738,1.0,-0.2724147707709319,9.917503448297968
-0.4248464674948176,-1.0,0.7468701496897525,0.4693033552879128
-1.0,-1.0,1.0,21.830995369597357
1.0,-0.633557723619331,-1.0,-1.4568007194085457
1.0,-0.23637565685878048,-0.3607137632109314,3.6926655191047812
0.4143432156709663,-1.0,0.05179789998663642,0.851590776033961
0.5984396574556601,-0.09475944634166233,1.0,-0.220435059789777
0.4356406175746652,-0.46612579171738133,0.17358830221296673,0.7648775633209963
-0.33862960865306335,0.4740508743731928,-0.9291373196495272,-2.4350961232507418
1.0,-0.3405167105478164,0.5711281586783099,6.552936784254064
-0.4471498784128478,-0.022142947999085782,-0.6271873084022872,-0.22931416109226957
-1.0,0.5134580017434263,-0.20601787497969948,-1.2805718920380538
-0.4752399057743453,0.37762043682107893,0.8071679740261897,0.3485516144259202
0.7047591269918596,1.0,0.377752083089006,7.019074770345297
-0.294705826053129,0.11519383289188068,0.5338977343274132,0.6397817612466382
0.23599850543146528,0.8057233583802164,-0.8032937706324614,1.8975296336426568
-0.4303329455957876,-0.33531449347150155,-0.017423942201167275,0.23089382008163556
1.0,0.23626891255881244,-0.9656933168830726,9.979758027273714
0.19026141162093668,1.0,-1.0,4.873341552683118
-0.5382836653493845,-0.9915570198561561,-0.2904096968832053,3.4094878100876813
0.6552718268119606,-0.8084711441143202,-0.32680361584938744,-0.2444316356811569
-0.46597920688982897,1.0,1.0,15.312934879772579
-0.6239113165315919,-0.7720545120240261,0.5618367846519692,2.3771869569007325
-0.8197813080970278,0.9287710026818152,0.2349908445931428,1.1219178753049805
-0.4995812668397801,1.0,-0.43887354827113456,6.21695651247013
-0.16884548156145907,0.2914144748450149,-0.31088138515601615,-0.6355658516389199
-0.511959843142443,0.05813310777050318,0.34235112371110676,-0.5997511884657576
0.610398981686797,-0.4040859056800361,0.8129802942708777,-0.026084686646105096
-0.2972329340939981,-0.09898381260831912,-0.05513774929699822,0.2525485014283528
-0.9415187308772104,1.0,0.054319551483662964,5.391623795403867
0.11177968837521823,0.016723167421453855,-1.0,-3.7885402354465842
-0.35899778102419133,-0.17876107521545537,0.10032608918284613,-0.15703073799396058
0.03664540821125728,0.7015038185523605,0.2629901293886574,0.8904752091334899
-0.9235997610112994,1.0,-1.0,12.87108410013668
1.0,1.0,0.5530201633673693,14.268196645267265
-1.0,-1.0,0.001861206934119508,7.952576494105552
-0.2636992108151628,0.15981975552768568,-0.7489225946687572,0.2960444662616285
-0.6087895141076296,1.0,-0.5026033273338646,5.511419477372386
-0.26070474477490646,-0.8957644567717329,-0.6136046610988262,-0.3044483019142206
-0.9035907617818126,-0.36608228404457965,0.661277970178135,0.7679715959827433
-0.2555010873899537,-1.0,1.0,-5.488837029087227
1.0,0.6276097912492622,0.057623386614990446,7.71846545541374
-0.006959094794311671,1.0,-1.0,4.598949929935062
-0.14639041012612464,0.2997469538760411,-0.7200101651056259,-0.884190483666975
1.0,0.5701033619110669,0.6382928232430467,12.065859271477315
1.0,0.5623936264197593,0.4489769266957908,9.426207906147342
1.0,0.17707919106432568,-0.2772973896812547,4.80597965563721
-0.3050247187645574,-1.0,-0.5762477073005958,-0.7085136518709667
-0.4223859780538901,-0.960394045088508,-0.22893011860847667,3.0399234367607466
-0.8925840545183976,-1.0,-1.0,-0.43113239008515203
1.0,0.5211512664957658,0.608786988628303,11.951117231368876
-0.18953808379951442,0.6360068303572541,-0.2900093222979141,0.13655134589864656
0.07749688809026178,1.0,-0.8553971282063637,8.889120359491294
0.27637452575638655,0.938724015205642,0.33908500468722735,4.803402839846487
-1.0,0.3864700092342943,-0.6187821712469135,1.6602715174670093
-1.0,0.2537944303271611,0.5850210482098386,-3.965252320575364
-0.0846747547676725,0.7598528106222839,-0.2929743931388282,2.2012730070844593
1.0,1.0,-0.8827285328764634,32.97691268045146
-1.0,0.506049292270399,-0.19027750651463116,-1.1563143977544355
-1.0,-1.0,0.7241339547391055,16.60619405249338
-0.14853223197680898,0.22209429122817803,0.6877502515733189,-0.31635826320349636
-0.6357616034982279,-0.46424944933361867,-0.9735108034308495,-0.261660760391626
0.5008286690935786,-1.0,1.0,-6.995605571363492
-0.6520738601455354,-0.06064455502140764,0.9395576758902329,0.923839936356154
-1.0,-0.7403203313813922,-0.2738168041254747,1.941291056988947
-0.04971702972533509,-0.20937622089965968,0.3332085830729312,1.0393714586439033
0.6893246946490086,-1.0,0.9230309563836343,-4.587994000305323
