degree,mean_mse,std_mse,mean_r2,std_r2
1,37.90691131682416,2.7619414797092747,0.2593414967680684,0.05930012906877733
2,23.095058821512833,2.129285965223026,0.54985335059904,0.032808280008807804
3,11.920248278092256,1.7863992462188154,0.766606446547686,0.03792790540444537
4,3.8067443872134037,0.48395450396242695,0.9260869032784143,0.005206959182997456
5,1.4870859114882262,0.054292036283516,0.9709163349725773,0.0019020743848614987
6,0.5227100021120712,0.0849782915952569,0.9898476202001062,0.0012154271556281489
7,0.318684981139452,0.024667141231540686,0.9937751376801784,0.0004975910795368023
8,0.26354491408709546,0.03487599839760078,0.9948486186012166,0.0006965175569852022
9,0.27197845741858134,0.017253853399625842,0.9946815518823605,0.0004275469564711116
10,0.31644959168943604,0.025463354409701388,0.9938116878380375,0.0005781430001457486
11,0.5489071615839156,0.07977835675394214,0.9893058180393381,0.0013727764541233425
12,1.6422218200501093,0.8446362777591716,0.9684942514491333,0.015576374006357505
13,14.580453083915748,10.317947228551624,0.7243636744932591,0.19228278693798473
14,118.37111376920507,93.81730189703082,-1.2357229012359365,1.6690431907894323
15,110572760255.3146,150451088515.82773,-2044751144.5017185,2730516652.9225407
16,5226387081.489164,5818741133.456886,-98106024.10451655,107341791.58721498
17,1977929258.4044814,2070824982.966094,-37873287.45692905,38627161.43349453
18,870178390958.1901,1736838696452.9243,-16677268161.225826,33285496063.85301
19,763263342345.8098,1523532276173.5994,-14628283827.069696,29197563932.948936
20,195768039983.70975,388427300463.84973,-3752732051.801482,7443600338.428895
